target r,target y,target x
23,192,310
time,widget x,widget y
1.12300014496,281,180
1.24800014496,282,181
1.27900004387,284,183
1.3100001812,292,186
1.34100008011,294,187
1.37300014496,295,187
