target r,target y,target x
51,383,399
time,widget x,widget y
0.77999997139,309,221
0.8109998703,308,221
0.842000007629,308,223
0.873999834061,308,228
0.873999834061,311,232
0.90499997139,320,244
0.9359998703,340,269
0.9359998703,351,284
0.967000007629,370,309
0.99799990654,381,325
0.99799990654,384,330
1.02999997139,388,336
1.0609998703,391,337
1.09200000763,392,337
