target r,target y,target x
68,191,373
time,widget x,widget y
0.842000007629,423,141
0.87299990654,423,140
0.936000108719,420,140
0.967000007629,417,142
0.99799990654,410,149
1.02900004387,407,152
