target r,target y,target x
67,197,355
time,widget x,widget y
0.904000043869,338,127
0.967000007629,338,132
0.998000144958,339,136
0.998000144958,340,140
1.02900004387,341,145
1.0600001812,341,147
1.09200000763,342,147
