target r,target y,target x
23,321,297
time,widget x,widget y
0.90499997139,213,300
0.99799990654,224,305
1.02999997139,239,310
1.02999997139,248,311
1.0609998703,266,315
1.09200000763,281,317
1.12299990654,290,318
1.15400004387,293,319
