target r,target y,target x
69,326,476
time,widget x,widget y
0.842000007629,429,165
0.90499997139,430,168
0.936000108719,436,186
0.967000007629,444,212
0.967000007629,450,227
0.998000144958,458,248
1.02900004387,463,264
1.02900004387,465,270
1.06100010872,470,283
1.09200000763,473,296
1.09200000763,476,302
1.12300014496,479,307
