target r,target y,target x
74,279,124
time,widget x,widget y
1.1850001812,192,329
1.3100001812,192,325
1.34100008011,181,316
1.37200021744,174,310
1.40400004387,170,306
1.40400004387,169,306
