target r,target y,target x
73,378,230
time,widget x,widget y
0.74799990654,175,206
0.77999997139,175,210
0.811000108719,175,217
0.842000007629,177,232
0.842000007629,179,242
0.87299990654,184,261
0.904000043869,191,274
0.904000043869,192,277
1.12299990654,194,294
1.15400004387,200,315
1.15400004387,202,324
1.18499994278,203,331
1.21600008011,205,334
1.24799990654,206,338
1.34100008011,207,339
