target r,target y,target x
42,120,570
time,widget x,widget y
0.90499997139,543,159
0.967000007629,544,159
0.99799990654,545,161
1.02900004387,546,161
1.09200000763,550,161
1.09200000763,551,159
1.12299990654,556,153
1.15400004387,560,148
1.15400004387,563,145
1.18499994278,567,140
1.21700000763,568,138
