target r,target y,target x
16,283,115
time,widget x,widget y
0.65499997139,103,172
0.74799990654,103,182
0.77999997139,103,194
0.77999997139,103,202
0.8109998703,103,219
0.842000007629,107,245
0.87299990654,108,256
0.904000043869,110,263
0.904000043869,110,264
0.9359998703,110,265
1.02900004387,111,265
1.15400004387,111,267
1.21599984169,111,268
1.24799990654,111,269
1.27900004387,111,270
1.34099984169,111,271
1.37199997902,111,272
1.43499994278,112,274
